,Titles,Company,location
0,Linux System Admin,"Accelus Robotics Pvt. LtdMumbai, Maharashtra","Mumbai, Maharashtra"
1,Software Engineer (Fresher),"Carta HealthcareMumbai, Maharashtra","Mumbai, Maharashtra"
2,newProject Engineer,"OGGNGROUPSTECHNavi Mumbai, Maharashtra","Navi Mumbai, Maharashtra"
3,Software Developer,"Hoelscher GmbHRemote in Mumbai, Maharashtra","Remote in Mumbai, Maharashtra"
4,python trainer,"Nettech India3.7Thane, Maharashtra","Thane, Maharashtra"
5,IT Specialist,"Sinokor India Pvt. Ltd.Govandi, Mumbai, Maharashtra","Govandi, Mumbai, Maharashtra"
6,newData Analyst,"TranZactMumbai, Maharashtra","Mumbai, Maharashtra"
7,Web Crawler,"Gocomet India Pvt. Ltd.Remote in Mumbai, Maharashtra","Remote in Mumbai, Maharashtra"
8,Technical Service Associate,"Sciative SolutionsNavi Mumbai, Maharashtra","Navi Mumbai, Maharashtra"
9,Software Engineer,"MudraCircle.comMalad, Mumbai, Maharashtra","Malad, Mumbai, Maharashtra"
10,Mobile App Developer,"EvoLiveMumbai, Maharashtra+1 location","Mumbai, Maharashtra+1 location"
11,Office Administrator/Receptionist,"TryCatch ClassesMumbai, Maharashtra","Mumbai, Maharashtra"
12,Software Developer,"Innofin Solutions Pvt. Ltd.Mumbai, Maharashtra","Mumbai, Maharashtra"
13,Technical Lead,"Innofin Solutions Pvt. Ltd.Mumbai, Maharashtra","Mumbai, Maharashtra"
14,Java Developers ( Freshers),"talent-O-scopeMumbai, Maharashtra","Mumbai, Maharashtra"
